{"format": "graph-model", "generatedBy": "2.15.0", "convertedBy": "TensorFlow.js Converter v4.20.0", "signature": {"inputs": {"input": {"name": "input:0", "dtype": "DT_FLOAT", "tensorShape": {"dim": [{"size": "1"}, {"size": "3"}, {"size": "224"}, {"size": "224"}]}}}, "outputs": {"output": {"name": "Identity:0", "dtype": "DT_FLOAT", "tensorShape": {"dim": [{"size": "1"}, {"size": "1"}]}}}}, "modelTopology": {"node": [{"name": "PartitionedCall/Reshape/shape", "op": "Const", "attr": {"dtype": {"type": "DT_INT32"}, "value": {"tensor": {"dtype": "DT_INT32", "tensorShape": {"dim": [{"size": "2"}]}}}}}, {"name": "PartitionedCall/transpose", "op": "Const", "attr": {"dtype": {"type": "DT_FLOAT"}, "value": {"tensor": {"dtype": "DT_FLOAT", "tensorShape": {"dim": [{"size": "150528"}, {"size": "128"}]}}}}}, {"name": "PartitionedCall/mul_1", "op": "Const", "attr": {"dtype": {"type": "DT_FLOAT"}, "value": {"tensor": {"dtype": "DT_FLOAT", "tensorShape": {"dim": [{"size": "128"}]}}}}}, {"name": "PartitionedCall/transpose_1", "op": "Const", "attr": {"dtype": {"type": "DT_FLOAT"}, "value": {"tensor": {"dtype": "DT_FLOAT", "tensorShape": {"dim": [{"size": "128"}, {"size": "64"}]}}}}}, {"name": "PartitionedCall/mul_3", "op": "Const", "attr": {"value": {"tensor": {"dtype": "DT_FLOAT", "tensorShape": {"dim": [{"size": "64"}]}}}, "dtype": {"type": "DT_FLOAT"}}}, {"name": "PartitionedCall/transpose_2", "op": "Const", "attr": {"value": {"tensor": {"dtype": "DT_FLOAT", "tensorShape": {"dim": [{"size": "64"}, {"size": "1"}]}}}, "dtype": {"type": "DT_FLOAT"}}}, {"name": "PartitionedCall/mul_5", "op": "Const", "attr": {"value": {"tensor": {"dtype": "DT_FLOAT", "tensorShape": {"dim": [{"size": "1"}]}}}, "dtype": {"type": "DT_FLOAT"}}}, {"name": "input", "op": "Placeholder", "attr": {"dtype": {"type": "DT_FLOAT"}, "shape": {"shape": {"dim": [{"size": "1"}, {"size": "3"}, {"size": "224"}, {"size": "224"}]}}}}, {"name": "PartitionedCall/Reshape", "op": "Reshape", "input": ["input", "PartitionedCall/Reshape/shape"], "attr": {"T": {"type": "DT_FLOAT"}, "Tshape": {"type": "DT_INT32"}}}, {"name": "PartitionedCall/onnx_tf_prefix_/Relu", "op": "_FusedMatMul", "input": ["PartitionedCall/Reshape", "PartitionedCall/transpose", "PartitionedCall/mul_1"], "device": "/device:CPU:0", "attr": {"epsilon": {"f": 0.0}, "T": {"type": "DT_FLOAT"}, "transpose_b": {"b": false}, "transpose_a": {"b": false}, "num_args": {"i": "1"}, "fused_ops": {"list": {"s": ["Qmlhc0FkZA==", "UmVsdQ=="]}}, "leakyrelu_alpha": {"f": 0.2}}}, {"name": "PartitionedCall/onnx_tf_prefix_/Relu_1", "op": "_FusedMatMul", "input": ["PartitionedCall/onnx_tf_prefix_/Relu", "PartitionedCall/transpose_1", "PartitionedCall/mul_3"], "device": "/device:CPU:0", "attr": {"fused_ops": {"list": {"s": ["Qmlhc0FkZA==", "UmVsdQ=="]}}, "transpose_b": {"b": false}, "leakyrelu_alpha": {"f": 0.2}, "transpose_a": {"b": false}, "num_args": {"i": "1"}, "T": {"type": "DT_FLOAT"}, "epsilon": {"f": 0.0}}}, {"name": "PartitionedCall/add_2", "op": "_FusedMatMul", "input": ["PartitionedCall/onnx_tf_prefix_/Relu_1", "PartitionedCall/transpose_2", "PartitionedCall/mul_5"], "device": "/device:CPU:0", "attr": {"num_args": {"i": "1"}, "transpose_b": {"b": false}, "T": {"type": "DT_FLOAT"}, "fused_ops": {"list": {"s": ["Qmlhc0FkZA=="]}}, "leakyrelu_alpha": {"f": 0.2}, "transpose_a": {"b": false}, "epsilon": {"f": 0.0}}}, {"name": "Identity", "op": "Identity", "input": ["PartitionedCall/add_2"], "attr": {"T": {"type": "DT_FLOAT"}}}], "library": {}, "versions": {"producer": 1766}}, "weightsManifest": [{"paths": ["group1-shard1of19.bin", "group1-shard2of19.bin", "group1-shard3of19.bin", "group1-shard4of19.bin", "group1-shard5of19.bin", "group1-shard6of19.bin", "group1-shard7of19.bin", "group1-shard8of19.bin", "group1-shard9of19.bin", "group1-shard10of19.bin", "group1-shard11of19.bin", "group1-shard12of19.bin", "group1-shard13of19.bin", "group1-shard14of19.bin", "group1-shard15of19.bin", "group1-shard16of19.bin", "group1-shard17of19.bin", "group1-shard18of19.bin", "group1-shard19of19.bin"], "weights": [{"name": "PartitionedCall/Reshape/shape", "shape": [2], "dtype": "int32"}, {"name": "PartitionedCall/transpose", "shape": [150528, 128], "dtype": "float32"}, {"name": "PartitionedCall/mul_1", "shape": [128], "dtype": "float32"}, {"name": "PartitionedCall/transpose_1", "shape": [128, 64], "dtype": "float32"}, {"name": "PartitionedCall/mul_3", "shape": [64], "dtype": "float32"}, {"name": "PartitionedCall/transpose_2", "shape": [64, 1], "dtype": "float32"}, {"name": "PartitionedCall/mul_5", "shape": [1], "dtype": "float32"}]}]}