{"format": "layers-model", "generatedBy": "keras v2.14.0", "convertedBy": "TensorFlow.js Converter v4.20.0", "modelTopology": {"keras_version": "2.14.0", "backend": "tensorflow", "model_config": {"class_name": "Sequential", "config": {"name": "sequential_11", "layers": [{"class_name": "InputLayer", "config": {"batch_input_shape": [null, 80], "dtype": "float32", "sparse": false, "ragged": false, "name": "embedding_11_input"}}, {"class_name": "Embedding", "config": {"name": "embedding_11", "trainable": true, "dtype": "float32", "batch_input_shape": [null, 80], "input_dim": 8155, "output_dim": 32, "embeddings_initializer": {"module": "keras.initializers", "class_name": "RandomUniform", "config": {"minval": -0.05, "maxval": 0.05, "seed": null}, "registered_name": null}, "embeddings_regularizer": null, "activity_regularizer": null, "embeddings_constraint": null, "mask_zero": false, "input_length": 80}}, {"class_name": "GlobalAveragePooling1D", "config": {"name": "global_average_pooling1d_11", "trainable": true, "dtype": "float32", "data_format": "channels_last", "keepdims": false}}, {"class_name": "Dense", "config": {"name": "dense_34", "trainable": true, "dtype": "float32", "units": 90, "activation": "tanh", "use_bias": true, "kernel_initializer": {"module": "keras.initializers", "class_name": "GlorotUniform", "config": {"seed": null}, "registered_name": null}, "bias_initializer": {"module": "keras.initializers", "class_name": "Zeros", "config": {}, "registered_name": null}, "kernel_regularizer": null, "bias_regularizer": null, "activity_regularizer": null, "kernel_constraint": null, "bias_constraint": null}}, {"class_name": "Dropout", "config": {"name": "dropout_23", "trainable": true, "dtype": "float32", "rate": 0.5, "noise_shape": null, "seed": null}}, {"class_name": "Dense", "config": {"name": "dense_35", "trainable": true, "dtype": "float32", "units": 165, "activation": "relu", "use_bias": true, "kernel_initializer": {"module": "keras.initializers", "class_name": "GlorotUniform", "config": {"seed": null}, "registered_name": null}, "bias_initializer": {"module": "keras.initializers", "class_name": "Zeros", "config": {}, "registered_name": null}, "kernel_regularizer": null, "bias_regularizer": null, "activity_regularizer": null, "kernel_constraint": null, "bias_constraint": null}}, {"class_name": "Dropout", "config": {"name": "dropout_24", "trainable": true, "dtype": "float32", "rate": 0.25, "noise_shape": null, "seed": null}}, {"class_name": "Dense", "config": {"name": "dense_36", "trainable": true, "dtype": "float32", "units": 14, "activation": "sigmoid", "use_bias": true, "kernel_initializer": {"module": "keras.initializers", "class_name": "GlorotUniform", "config": {"seed": null}, "registered_name": null}, "bias_initializer": {"module": "keras.initializers", "class_name": "Zeros", "config": {}, "registered_name": null}, "kernel_regularizer": null, "bias_regularizer": null, "activity_regularizer": null, "kernel_constraint": null, "bias_constraint": null}}]}}, "training_config": {"loss": {"class_name": "SparseCategoricalCrossentropy", "config": {"reduction": "auto", "name": "sparse_categorical_crossentropy", "from_logits": false, "ignore_class": null, "fn": "sparse_categorical_crossentropy"}}, "metrics": [[{"class_name": "MeanMetricWrapper", "config": {"name": "accuracy", "dtype": "float32", "fn": "sparse_categorical_accuracy"}}]], "weighted_metrics": null, "loss_weights": null, "optimizer_config": {"class_name": "Custom>Adam", "config": {"name": "Adam", "weight_decay": null, "clipnorm": null, "global_clipnorm": null, "clipvalue": null, "use_ema": false, "ema_momentum": 0.99, "ema_overwrite_frequency": null, "jit_compile": false, "is_legacy_optimizer": false, "learning_rate": 0.0010000000474974513, "beta_1": 0.9, "beta_2": 0.999, "epsilon": 1e-07, "amsgrad": false}}}}, "weightsManifest": [{"paths": ["group1-shard1of1.bin"], "weights": [{"name": "dense_34/kernel", "shape": [32, 90], "dtype": "float32"}, {"name": "dense_34/bias", "shape": [90], "dtype": "float32"}, {"name": "dense_35/kernel", "shape": [90, 165], "dtype": "float32"}, {"name": "dense_35/bias", "shape": [165], "dtype": "float32"}, {"name": "dense_36/kernel", "shape": [165, 14], "dtype": "float32"}, {"name": "dense_36/bias", "shape": [14], "dtype": "float32"}, {"name": "embedding_11/embeddings", "shape": [8155, 32], "dtype": "float32"}]}]}